Workbook

Sheet Dashboard
A1: Sales Dashboard - H1 2026
A2: Every number below is a live formula on the Clean Data sheet.
A4: Total revenue | B4: =SUM('Clean Data'!I:I) -> 129680
A5: Orders | B5: =COUNTA('Clean Data'!A:A)-1 -> 180
A6: Avg order value | B6: =B4/B5 -> 720.44444
A7: Top customer | B7: =INDEX(H14:H21,MATCH(MAX(I14:I21),I14:I21,0)) -> Granite Labs
A10: Month | B10: North | C10: South | D10: East | E10: West | F10: Total
A11: 46023 | B11: =SUMIFS('Clean Data'!$I:$I,'Clean Data'!$C:$C,$A11,'Clean Data'!$E:$E,B$10) -> 11890 | C11: =SUMIFS('Clean Data'!$I:$I,'Clean Data'!$C:$C,$A11,'Clean Data'!$E:$E,C$10) -> 3260 | D11: =SUMIFS('Clean Data'!$I:$I,'Clean Data'!$C:$C,$A11,'Clean Data'!$E:$E,D$10) -> 5070 | E11: =SUMIFS('Clean Data'!$I:$I,'Clean Data'!$C:$C,$A11,'Clean Data'!$E:$E,E$10) -> 6410 | F11: =SUM(B11:E11) -> 26630
A12: 46054 | B12: =SUMIFS('Clean Data'!$I:$I,'Clean Data'!$C:$C,$A12,'Clean Data'!$E:$E,B$10) -> 5260 | C12: =SUMIFS('Clean Data'!$I:$I,'Clean Data'!$C:$C,$A12,'Clean Data'!$E:$E,C$10) -> 10410 | D12: =SUMIFS('Clean Data'!$I:$I,'Clean Data'!$C:$C,$A12,'Clean Data'!$E:$E,D$10) -> 4050 | E12: =SUMIFS('Clean Data'!$I:$I,'Clean Data'!$C:$C,$A12,'Clean Data'!$E:$E,E$10) -> 1740 | F12: =SUM(B12:E12) -> 21460
A13: 46082 | B13: =SUMIFS('Clean Data'!$I:$I,'Clean Data'!$C:$C,$A13,'Clean Data'!$E:$E,B$10) -> 9400 | C13: =SUMIFS('Clean Data'!$I:$I,'Clean Data'!$C:$C,$A13,'Clean Data'!$E:$E,C$10) -> 5190 | D13: =SUMIFS('Clean Data'!$I:$I,'Clean Data'!$C:$C,$A13,'Clean Data'!$E:$E,D$10) -> 5670 | E13: =SUMIFS('Clean Data'!$I:$I,'Clean Data'!$C:$C,$A13,'Clean Data'!$E:$E,E$10) -> 6680 | F13: =SUM(B13:E13) -> 26940 | H13: Customer | I13: Revenue
A14: 46113 | B14: =SUMIFS('Clean Data'!$I:$I,'Clean Data'!$C:$C,$A14,'Clean Data'!$E:$E,B$10) -> 2850 | C14: =SUMIFS('Clean Data'!$I:$I,'Clean Data'!$C:$C,$A14,'Clean Data'!$E:$E,C$10) -> 3490 | D14: =SUMIFS('Clean Data'!$I:$I,'Clean Data'!$C:$C,$A14,'Clean Data'!$E:$E,D$10) -> 5970 | E14: =SUMIFS('Clean Data'!$I:$I,'Clean Data'!$C:$C,$A14,'Clean Data'!$E:$E,E$10) -> 3640 | F14: =SUM(B14:E14) -> 15950 | H14: Acme Corp | I14: =SUMIFS('Clean Data'!$I:$I,'Clean Data'!$D:$D,H14) -> 19140
A15: 46143 | B15: =SUMIFS('Clean Data'!$I:$I,'Clean Data'!$C:$C,$A15,'Clean Data'!$E:$E,B$10) -> 5110 | C15: =SUMIFS('Clean Data'!$I:$I,'Clean Data'!$C:$C,$A15,'Clean Data'!$E:$E,C$10) -> 10710 | D15: =SUMIFS('Clean Data'!$I:$I,'Clean Data'!$C:$C,$A15,'Clean Data'!$E:$E,D$10) -> 2590 | E15: =SUMIFS('Clean Data'!$I:$I,'Clean Data'!$C:$C,$A15,'Clean Data'!$E:$E,E$10) -> 1080 | F15: =SUM(B15:E15) -> 19490 | H15: Blue Harbor Ltd | I15: =SUMIFS('Clean Data'!$I:$I,'Clean Data'!$D:$D,H15) -> 20050
A16: 46174 | B16: =SUMIFS('Clean Data'!$I:$I,'Clean Data'!$C:$C,$A16,'Clean Data'!$E:$E,B$10) -> 4400 | C16: =SUMIFS('Clean Data'!$I:$I,'Clean Data'!$C:$C,$A16,'Clean Data'!$E:$E,C$10) -> 7250 | D16: =SUMIFS('Clean Data'!$I:$I,'Clean Data'!$C:$C,$A16,'Clean Data'!$E:$E,D$10) -> 1450 | E16: =SUMIFS('Clean Data'!$I:$I,'Clean Data'!$C:$C,$A16,'Clean Data'!$E:$E,E$10) -> 6110 | F16: =SUM(B16:E16) -> 19210 | H16: Cedar & Co | I16: =SUMIFS('Clean Data'!$I:$I,'Clean Data'!$D:$D,H16) -> 13500
H17: Delta Foods | I17: =SUMIFS('Clean Data'!$I:$I,'Clean Data'!$D:$D,H17) -> 10440
H18: Evergreen Retail | I18: =SUMIFS('Clean Data'!$I:$I,'Clean Data'!$D:$D,H18) -> 19770
H19: Fjord Supplies | I19: =SUMIFS('Clean Data'!$I:$I,'Clean Data'!$D:$D,H19) -> 11300
H20: Granite Labs | I20: =SUMIFS('Clean Data'!$I:$I,'Clean Data'!$D:$D,H20) -> 20260
H21: Horizon Media | I21: =SUMIFS('Clean Data'!$I:$I,'Clean Data'!$D:$D,H21) -> 15220

Sheet Clean Data
A1: Order ID | B1: Order Date | C1: Month | D1: Customer | E1: Region | F1: Product | G1: Units | H1: Unit Price | I1: Revenue
A2: SO-1067 | B2: 46026 | C2: =DATE(YEAR(B2),MONTH(B2),1) -> 46023 | D2: Cedar & Co | E2: East | F2: Support Plan | G2: 5 | H2: 90 | I2: =G2*H2 -> 450
A3: SO-1031 | B3: 46027 | C3: =DATE(YEAR(B3),MONTH(B3),1) -> 46023 | D3: Cedar & Co | E3: East | F3: Onboarding | G3: 2 | H3: 450 | I3: =G3*H3 -> 900
A4: SO-1109 | B4: 46028 | C4: =DATE(YEAR(B4),MONTH(B4),1) -> 46023 | D4: Evergreen Retail | E4: North | F4: Onboarding | G4: 3 | H4: 450 | I4: =G4*H4 -> 1350
A5: SO-1156 | B5: 46028 | C5: =DATE(YEAR(B5),MONTH(B5),1) -> 46023 | D5: Acme Corp | E5: North | F5: Pro License | G5: 3 | H5: 340 | I5: =G5*H5 -> 1020
A6: SO-1136 | B6: 46029 | C6: =DATE(YEAR(B6),MONTH(B6),1) -> 46023 | D6: Acme Corp | E6: North | F6: Pro License | G6: 5 | H6: 340 | I6: =G6*H6 -> 1700
A7: SO-1178 | B7: 46029 | C7: =DATE(YEAR(B7),MONTH(B7),1) -> 46023 | D7: Evergreen Retail | E7: North | F7: Pro License | G7: 3 | H7: 340 | I7: =G7*H7 -> 1020
A8: SO-1007 | B8: 46030 | C8: =DATE(YEAR(B8),MONTH(B8),1) -> 46023 | D8: Granite Labs | E8: South | F8: Support Plan | G8: 4 | H8: 90 | I8: =G8*H8 -> 360
A9: SO-1035 | B9: 46030 | C9: =DATE(YEAR(B9),MONTH(B9),1) -> 46023 | D9: Granite Labs | E9: South | F9: Standard License | G9: 5 | H9: 120 | I9: =G9*H9 -> 600
A10: SO-1070 | B10: 46030 | C10: =DATE(YEAR(B10),MONTH(B10),1) -> 46023 | D10: Cedar & Co | E10: East | F10: Support Plan | G10: 4 | H10: 90 | I10: =G10*H10 -> 360
A11: SO-1084 | B11: 46030 | C11: =DATE(YEAR(B11),MONTH(B11),1) -> 46023 | D11: Evergreen Retail | E11: North | F11: Onboarding | G11: 3 | H11: 450 | I11: =G11*H11 -> 1350
A12: SO-1138 | B12: 46030 | C12: =DATE(YEAR(B12),MONTH(B12),1) -> 46023 | D12: Granite Labs | E12: South | F12: Onboarding | G12: 3 | H12: 450 | I12: =G12*H12 -> 1350
A13: SO-1097 | B13: 46032 | C13: =DATE(YEAR(B13),MONTH(B13),1) -> 46023 | D13: Cedar & Co | E13: East | F13: Support Plan | G13: 1 | H13: 90 | I13: =G13*H13 -> 90
... A181: SO-1062 | B181: 46203 | C181: =DATE(YEAR(B181),MONTH(B181),1) -> 46174 | D181: Granite Labs | E181: South | F181: Support Plan | G181: 2 | H181: 90 | I181: =G181*H181 -> 180

Sheet Raw Export
A1: Order ID | B1: Order Date | C1: Customer | D1: Region | E1: Product | F1: Units | G1: Unit Price
A2: SO-1001 | B2: Jan 23 2026 | C2: Fjord Supplies | D2: E. | E2: Standard License | F2: 3 | G2: 120
A3: SO-1002 | B3: May 12 2026 | C3: Blue Harbor Ltd | D3: S. | E3: Pro License | F3: 3 | G3: 340
A4: SO-1003 | B4: 12/02/2026 | C4: Blue Harbor Ltd | D4: South | E4: Onboarding | F4: 2 | G4: 450
A5: SO-1004 | B5: 2026-03-10 | C5: evergreen retail | D5: N. | E5: Pro License | F5: 2 units | G5: 340
A6: SO-1005 | B6: 2026-05-28 | C6: EVERGREEN RETAIL | D6: N. | E6: Standard License | F6: 3 | G6: 120
A7: SO-1006 | B7: 17/01/2026 | C7: Delta Foods | D7: west | E7: Standard License | F7: 4 | G7: 120
A8: SO-1007 | B8: Jan 8 2026 | C8: Granite Labs | D8: S. | E8: Support Plan | F8: 4 | G8: 90
A9: SO-1008 | B9: 2026-05-06 | C9: BLUE HARBOR LTD | D9: South | E9: Onboarding | F9: 3 | G9: 450
A10: SO-1143 | B10: 2026-06-10 | C10: evergreen retail | D10: North | E10: Support Plan | F10: 3 units | G10: 90
A11: SO-1009 | B11: Feb 25 2026 | C11: Blue Harbor Ltd | D11: S. | E11: Standard License | F11: 3 | G11: 120
A12: SO-1010 | B12: Apr 7 2026 | C12: Granite Labs | D12: South | E12: Standard License | F12: 5 | G12: 120
... A195: SO-1180 | B195: 2026-02-26 | C195: Delta Foods | D195: W. | E195: Support Plan | F195: 1 | G195: 90

Sheet Cleaning Log
A1: Step | B1: Rows affected
A2: Rows in raw export | B2: 194
A3: Duplicate orders removed (same Order ID) | B3: 14
A4: Customer names trimmed / re-cased | B4: 141
A5: Region labels standardized (e.g. "N.", " north" -> North) | B5: 142
A6: Text dates in 3 formats converted to real dates | B6: 194
A7: Units stored as text ("3 units") converted to numbers | B7: 28
A8: Clean orders | B8: 180
